title,permalink,body,published_at,filter,categories,tags,jenis,brand,description,image,image1,image2,image3,image4,image5,product,price,hargajual,profit,sku,kondisi
Jual Sandal Gunung / Adventure / Trekking Anak Laki-laki - CJJ 002 Murah,sandal-gunung-adventure-trekking-anak-laki-laki-cjj-002,"
     <div class=""product-details""><!--product-details-->
      <div class=""col-sm-5"">
       <div class=""view-product"">
        <img src=""{{ page.image }}"" alt=""{{ page.product }}"" title=""{{ page.product }}"" />
        <h3><a style=""text-decoration: none; color: #ffffff"" href=""{{ page.image }}"" target=""_blank"" title=""Klik disini untuk memperbesar"">ZOOM</a></h3>
       </div>
      </div>

      <div class=""col-sm-7"">
       <div class=""product-information""><!--/product-information-->
        <h1>{{ page.product }}</h1>
        <p>SKU: {{ page.sku }}</p>
        <img src=""{{ site.url }}/img/rating.png"" alt=""rating"" title=""rating"" /><br>
        <span>
         <span>{{ page.price }}</span>        
         <label>Stok:<a href=""http://stok.lipatan.com"" target=""_blank"" title=""Cek Stok"">
          <script type=""text/javascript"">
          <!--
          document.write(unescape('%3c%62%75%74%74%6f%6e%20%74%79%70%65%3d%22%62%75%74%74%6f%6e%22%20%63%6c%61%73%73%3d%22%62%74%6e%20%62%74%6e%2d%66%65%66%61%75%6c%74%20%63%61%72%74%22%3e%09%09%09%09%09%09%09%09%09%09%3c%69%20%63%6c%61%73%73%3d%22%66%61%20%66%61%2d%73%68%6f%70%70%69%6e%67%2d%63%61%72%74%22%3e%3c%2f%69%3e%09%09%09%09%09%09%09%09%09%09%43%65%6b%20%53%74%6f%6b%3c%2f%62%75%74%74%6f%6e%3e'));
          //-->
          </script>
          </a>
         </label>
        </span>
        <p><i style=""background-color: #f0ad4e; color: #ffffff; padding: 5px; margin-bottom: 3px; text-align: center; display: inline-block; box-shadow: 0 1px 3px rgba(0,0,0,0.12), 0 1px 2px rgba(0,0,0,0.24);""> Harga Beli : {{ page.price }} </i>  <i style=""background-color: #5bc0de; color: #ffffff; padding: 5px; margin-bottom: 3px; text-align: center; display: inline-block; box-shadow: 0 1px 3px rgba(0,0,0,0.12), 0 1px 2px rgba(0,0,0,0.24);""> Harga Jual : {{ page.hargajual }} </i>  <i style=""background-color: #5cb85c; color: #ffffff; padding: 5px; margin-bottom: 3px; text-align: center; display: inline-block; box-shadow: 0 1px 3px rgba(0,0,0,0.12), 0 1px 2px rgba(0,0,0,0.24);""> Keuntungan : {{ page.profit }} </i></p>        
        <p><b>Kondisi:</b> {{ page.kondisi }}</p>
        <p><b>Deskripsi:</b> {{ page.description }}</p>
        {% include buy.html %}
       </div><!--/product-information-->
      </div>
     </div><!--/product-details-->
     
     <div class=""category-tab shop-details-tab""><!--category-tab-->
      <div class=""col-sm-12"">
       <ul class=""nav nav-tabs"">
        <li class=""active""><a href=""{{ site.url }}{{ page.url }}#keterangan"" data-toggle=""tab"" title=""Keterangan"">Keterangan</a></li>        
       </ul>
      </div>
      <div class=""tab-content"">
       <div class=""tab-pane fade active in"" id=""keterangan"" >
        <div class=""col-sm-12"">
         <h2>{{ page.product }}</h2>         
         <ol class=""breadcrumb"">
            <li class=""active"">Tag :</li>
            <li><a href=""{{ site.url }}/{{ page.jenis }}"" title=""{{ page.jenis }}"">{{ page.jenis }}</a></li>
            <li><a href=""{{ site.url }}/{{ page.brand }}"" title=""{{ page.brand }}"">{{ page.brand }}</a></li>  
         </ol>         
         <p>Sandal Gunung / Adventure / Trekking Anak Laki-laki - CJJ 002 adalah salah satu produk merek Catenzo Junior. Produk fashion anak handmade asal Bandung yang nyaman digunakan dan tidak pasaran. Cocok untuk anak Anda agar terlihat lebih gaya, tampil berbeda dan percaya diri. Sandal Gunung Anak Laki-Laki ini terbuat dari bahan WEBBING.<br/>Kode : CJJ 002<br/>Warna : HITAM MERAH<br/>Bahan : WEBBING<br/>Ukuran : 31 - 36<br/>Berat : 0.5 kg<br/>Info Lainnya = SOL : RUBBER<br/>Yuk dibeli kak sebelum kehabisan. Sebelum membeli, harap cek/konfirmasi stok dulu ya kak, karena perputaran barang sangat cepat.<br>
         </p>

         <p><b>Gambar lain :</b></p>
                    <div class=""add-image"">
                      <a href=""{{ page.image1 }}"" target=""_blank"" title=""{{ page.product }}""><img src=""{{ page.image1 }}"" alt=""{{ page.product }}"" title=""Klik untuk memperbesar"" /></a>
                      <a href=""{{ page.image2 }}"" target=""_blank"" title=""{{ page.product }}""><img src=""{{ page.image2 }}"" alt=""{{ page.product }}"" title=""Klik untuk memperbesar"" /></a>
                      <a href=""{{ page.image3 }}"" target=""_blank"" title=""{{ page.product }}""><img src=""{{ page.image3 }}"" alt=""{{ page.product }}"" title=""Klik untuk memperbesar"" /></a>
                      <a href=""{{ page.image4 }}"" target=""_blank"" title=""{{ page.product }}""><img src=""{{ page.image4 }}"" alt=""{{ page.product }}"" title=""Klik untuk memperbesar"" /></a>
                      <a href=""{{ page.image5 }}"" target=""_blank"" title=""{{ page.product }}""><img src=""{{ page.image5 }}"" alt=""{{ page.product }}"" title=""Klik untuk memperbesar"" /></a>                                            
                    </div>
                    <br/>

         <p style=""background-color: #5cb85c; color: #ffffff; padding: 5px; text-align: center; display: inline-block; box-shadow: 0 1px 3px rgba(0,0,0,0.12), 0 1px 2px rgba(0,0,0,0.24);"">
         Gudang : WRH-1<br>
         Lokasi : Bandung</p>

         {% include share.html %}

         {% include disqus.html %}
         
        </div>
       </div>       
       
      </div>
     </div><!--/category-tab-->",2017-10-18,html,sandal-gunung-anak-laki-laki,catenzo-junior,sandal-gunung-anak-laki-laki,catenzo-junior,"Sandal Gunung Anak Laki-Laki Bahan WEBBING, Ukuran 31 - 36, Warna HITAM MERAH",https://images.lipatan.com/katalog-catenzo-junior-2017-2/foto-produk-satuan/35-cjj-002.jpg,https://images.lipatan.com/katalog-catenzo-junior-2017-2/foto-berbagai-sudut/cjj-002-a.jpg,https://images.lipatan.com/katalog-catenzo-junior-2017-2/foto-berbagai-sudut/cjj-002-b.jpg,https://images.lipatan.com/katalog-catenzo-junior-2017-2/foto-berbagai-sudut/cjj-002-c.jpg,https://images.lipatan.com/katalog-catenzo-junior-2017-2/foto-berbagai-sudut/cjj-002-d.jpg,https://images.lipatan.com/katalog-catenzo-junior-2017-2/foto-berbagai-sudut/cjj-002-e.jpg,Sandal Gunung / Adventure / Trekking Anak Laki-laki - CJJ 002,Rp 76.400,Rp 89.900,Rp 13.500,CJJ 002,Baru
Jual Sandal Gunung / Adventure / Trekking Anak Laki-laki - CJJ 095 Murah,sandal-gunung-adventure-trekking-anak-laki-laki-cjj-095,"
     <div class=""product-details""><!--product-details-->
      <div class=""col-sm-5"">
       <div class=""view-product"">
        <img src=""{{ page.image }}"" alt=""{{ page.product }}"" title=""{{ page.product }}"" />
        <h3><a style=""text-decoration: none; color: #ffffff"" href=""{{ page.image }}"" target=""_blank"" title=""Klik disini untuk memperbesar"">ZOOM</a></h3>
       </div>
      </div>

      <div class=""col-sm-7"">
       <div class=""product-information""><!--/product-information-->
        <h1>{{ page.product }}</h1>
        <p>SKU: {{ page.sku }}</p>
        <img src=""{{ site.url }}/img/rating.png"" alt=""rating"" title=""rating"" /><br>
        <span>
         <span>{{ page.price }}</span>        
         <label>Stok:<a href=""http://stok.lipatan.com"" target=""_blank"" title=""Cek Stok"">
          <script type=""text/javascript"">
          <!--
          document.write(unescape('%3c%62%75%74%74%6f%6e%20%74%79%70%65%3d%22%62%75%74%74%6f%6e%22%20%63%6c%61%73%73%3d%22%62%74%6e%20%62%74%6e%2d%66%65%66%61%75%6c%74%20%63%61%72%74%22%3e%09%09%09%09%09%09%09%09%09%09%3c%69%20%63%6c%61%73%73%3d%22%66%61%20%66%61%2d%73%68%6f%70%70%69%6e%67%2d%63%61%72%74%22%3e%3c%2f%69%3e%09%09%09%09%09%09%09%09%09%09%43%65%6b%20%53%74%6f%6b%3c%2f%62%75%74%74%6f%6e%3e'));
          //-->
          </script>
          </a>
         </label>
        </span>
        <p><i style=""background-color: #f0ad4e; color: #ffffff; padding: 5px; margin-bottom: 3px; text-align: center; display: inline-block; box-shadow: 0 1px 3px rgba(0,0,0,0.12), 0 1px 2px rgba(0,0,0,0.24);""> Harga Beli : {{ page.price }} </i>  <i style=""background-color: #5bc0de; color: #ffffff; padding: 5px; margin-bottom: 3px; text-align: center; display: inline-block; box-shadow: 0 1px 3px rgba(0,0,0,0.12), 0 1px 2px rgba(0,0,0,0.24);""> Harga Jual : {{ page.hargajual }} </i>  <i style=""background-color: #5cb85c; color: #ffffff; padding: 5px; margin-bottom: 3px; text-align: center; display: inline-block; box-shadow: 0 1px 3px rgba(0,0,0,0.12), 0 1px 2px rgba(0,0,0,0.24);""> Keuntungan : {{ page.profit }} </i></p>        
        <p><b>Kondisi:</b> {{ page.kondisi }}</p>
        <p><b>Deskripsi:</b> {{ page.description }}</p>
        {% include buy.html %}
       </div><!--/product-information-->
      </div>
     </div><!--/product-details-->
     
     <div class=""category-tab shop-details-tab""><!--category-tab-->
      <div class=""col-sm-12"">
       <ul class=""nav nav-tabs"">
        <li class=""active""><a href=""{{ site.url }}{{ page.url }}#keterangan"" data-toggle=""tab"" title=""Keterangan"">Keterangan</a></li>        
       </ul>
      </div>
      <div class=""tab-content"">
       <div class=""tab-pane fade active in"" id=""keterangan"" >
        <div class=""col-sm-12"">
         <h2>{{ page.product }}</h2>         
         <ol class=""breadcrumb"">
            <li class=""active"">Tag :</li>
            <li><a href=""{{ site.url }}/{{ page.jenis }}"" title=""{{ page.jenis }}"">{{ page.jenis }}</a></li>
            <li><a href=""{{ site.url }}/{{ page.brand }}"" title=""{{ page.brand }}"">{{ page.brand }}</a></li>  
         </ol>         
         <p>Sandal Gunung / Adventure / Trekking Anak Laki-laki - CJJ 095 adalah salah satu produk merek Catenzo Junior. Produk fashion anak handmade asal Bandung yang nyaman digunakan dan tidak pasaran. Cocok untuk anak Anda agar terlihat lebih gaya, tampil berbeda dan percaya diri. Sandal Gunung Anak Laki-Laki ini terbuat dari bahan WEBBING.<br/>Kode : CJJ 095<br/>Warna : HITAM BIRU<br/>Bahan : WEBBING<br/>Ukuran : 31 - 36<br/>Berat : 0.5 kg<br/>Info Lainnya = SOL : RUBBER<br/>Yuk dibeli kak sebelum kehabisan. Sebelum membeli, harap cek/konfirmasi stok dulu ya kak, karena perputaran barang sangat cepat.<br>
         </p>

         <p><b>Gambar lain :</b></p>
                    <div class=""add-image"">
                      <a href=""{{ page.image1 }}"" target=""_blank"" title=""{{ page.product }}""><img src=""{{ page.image1 }}"" alt=""{{ page.product }}"" title=""Klik untuk memperbesar"" /></a>
                      <a href=""{{ page.image2 }}"" target=""_blank"" title=""{{ page.product }}""><img src=""{{ page.image2 }}"" alt=""{{ page.product }}"" title=""Klik untuk memperbesar"" /></a>
                      <a href=""{{ page.image3 }}"" target=""_blank"" title=""{{ page.product }}""><img src=""{{ page.image3 }}"" alt=""{{ page.product }}"" title=""Klik untuk memperbesar"" /></a>
                      <a href=""{{ page.image4 }}"" target=""_blank"" title=""{{ page.product }}""><img src=""{{ page.image4 }}"" alt=""{{ page.product }}"" title=""Klik untuk memperbesar"" /></a>
                      <a href=""{{ page.image5 }}"" target=""_blank"" title=""{{ page.product }}""><img src=""{{ page.image5 }}"" alt=""{{ page.product }}"" title=""Klik untuk memperbesar"" /></a>                                            
                    </div>
                    <br/>

         <p style=""background-color: #5cb85c; color: #ffffff; padding: 5px; text-align: center; display: inline-block; box-shadow: 0 1px 3px rgba(0,0,0,0.12), 0 1px 2px rgba(0,0,0,0.24);"">
         Gudang : WRH-1<br>
         Lokasi : Bandung</p>

         {% include share.html %}

         {% include disqus.html %}
         
        </div>
       </div>       
       
      </div>
     </div><!--/category-tab-->",2017-10-18,html,sandal-gunung-anak-laki-laki,catenzo-junior,sandal-gunung-anak-laki-laki,catenzo-junior,"Sandal Gunung Anak Laki-Laki Bahan WEBBING, Ukuran 31 - 36, Warna HITAM BIRU",https://images.lipatan.com/katalog-catenzo-junior-2017-2/foto-produk-satuan/36-cjj-095.jpg,https://images.lipatan.com/katalog-catenzo-junior-2017-2/foto-berbagai-sudut/cjj-095-a.jpg,https://images.lipatan.com/katalog-catenzo-junior-2017-2/foto-berbagai-sudut/cjj-095-b.jpg,https://images.lipatan.com/katalog-catenzo-junior-2017-2/foto-berbagai-sudut/cjj-095-c.jpg,https://images.lipatan.com/katalog-catenzo-junior-2017-2/foto-berbagai-sudut/cjj-095-d.jpg,https://images.lipatan.com/katalog-catenzo-junior-2017-2/foto-berbagai-sudut/cjj-095-e.jpg,Sandal Gunung / Adventure / Trekking Anak Laki-laki - CJJ 095,Rp 76.400,Rp 89.900,Rp 13.500,CJJ 095,Baru
Jual Sandal Gunung / Adventure / Trekking Anak Laki-laki - CJJ 064 Murah,sandal-gunung-adventure-trekking-anak-laki-laki-cjj-064,"
     <div class=""product-details""><!--product-details-->
      <div class=""col-sm-5"">
       <div class=""view-product"">
        <img src=""{{ page.image }}"" alt=""{{ page.product }}"" title=""{{ page.product }}"" />
        <h3><a style=""text-decoration: none; color: #ffffff"" href=""{{ page.image }}"" target=""_blank"" title=""Klik disini untuk memperbesar"">ZOOM</a></h3>
       </div>
      </div>

      <div class=""col-sm-7"">
       <div class=""product-information""><!--/product-information-->
        <h1>{{ page.product }}</h1>
        <p>SKU: {{ page.sku }}</p>
        <img src=""{{ site.url }}/img/rating.png"" alt=""rating"" title=""rating"" /><br>
        <span>
         <span>{{ page.price }}</span>        
         <label>Stok:<a href=""http://stok.lipatan.com"" target=""_blank"" title=""Cek Stok"">
          <script type=""text/javascript"">
          <!--
          document.write(unescape('%3c%62%75%74%74%6f%6e%20%74%79%70%65%3d%22%62%75%74%74%6f%6e%22%20%63%6c%61%73%73%3d%22%62%74%6e%20%62%74%6e%2d%66%65%66%61%75%6c%74%20%63%61%72%74%22%3e%09%09%09%09%09%09%09%09%09%09%3c%69%20%63%6c%61%73%73%3d%22%66%61%20%66%61%2d%73%68%6f%70%70%69%6e%67%2d%63%61%72%74%22%3e%3c%2f%69%3e%09%09%09%09%09%09%09%09%09%09%43%65%6b%20%53%74%6f%6b%3c%2f%62%75%74%74%6f%6e%3e'));
          //-->
          </script>
          </a>
         </label>
        </span>
        <p><i style=""background-color: #f0ad4e; color: #ffffff; padding: 5px; margin-bottom: 3px; text-align: center; display: inline-block; box-shadow: 0 1px 3px rgba(0,0,0,0.12), 0 1px 2px rgba(0,0,0,0.24);""> Harga Beli : {{ page.price }} </i>  <i style=""background-color: #5bc0de; color: #ffffff; padding: 5px; margin-bottom: 3px; text-align: center; display: inline-block; box-shadow: 0 1px 3px rgba(0,0,0,0.12), 0 1px 2px rgba(0,0,0,0.24);""> Harga Jual : {{ page.hargajual }} </i>  <i style=""background-color: #5cb85c; color: #ffffff; padding: 5px; margin-bottom: 3px; text-align: center; display: inline-block; box-shadow: 0 1px 3px rgba(0,0,0,0.12), 0 1px 2px rgba(0,0,0,0.24);""> Keuntungan : {{ page.profit }} </i></p>        
        <p><b>Kondisi:</b> {{ page.kondisi }}</p>
        <p><b>Deskripsi:</b> {{ page.description }}</p>
        {% include buy.html %}
       </div><!--/product-information-->
      </div>
     </div><!--/product-details-->
     
     <div class=""category-tab shop-details-tab""><!--category-tab-->
      <div class=""col-sm-12"">
       <ul class=""nav nav-tabs"">
        <li class=""active""><a href=""{{ site.url }}{{ page.url }}#keterangan"" data-toggle=""tab"" title=""Keterangan"">Keterangan</a></li>        
       </ul>
      </div>
      <div class=""tab-content"">
       <div class=""tab-pane fade active in"" id=""keterangan"" >
        <div class=""col-sm-12"">
         <h2>{{ page.product }}</h2>         
         <ol class=""breadcrumb"">
            <li class=""active"">Tag :</li>
            <li><a href=""{{ site.url }}/{{ page.jenis }}"" title=""{{ page.jenis }}"">{{ page.jenis }}</a></li>
            <li><a href=""{{ site.url }}/{{ page.brand }}"" title=""{{ page.brand }}"">{{ page.brand }}</a></li>  
         </ol>         
         <p>Sandal Gunung / Adventure / Trekking Anak Laki-laki - CJJ 064 adalah salah satu produk merek Catenzo Junior. Produk fashion anak handmade asal Bandung yang nyaman digunakan dan tidak pasaran. Cocok untuk anak Anda agar terlihat lebih gaya, tampil berbeda dan percaya diri. Sandal Gunung Anak Laki-Laki ini terbuat dari bahan WEBBING.<br/>Kode : CJJ 064<br/>Warna : HITAM<br/>Bahan : WEBBING<br/>Ukuran : 32 - 37<br/>Berat : 0.5 kg<br/>Info Lainnya = SOL : RUBBER<br/>Yuk dibeli kak sebelum kehabisan. Sebelum membeli, harap cek/konfirmasi stok dulu ya kak, karena perputaran barang sangat cepat.<br>
         </p>

         <p><b>Gambar lain :</b></p>
                    <div class=""add-image"">
                      <a href=""{{ page.image1 }}"" target=""_blank"" title=""{{ page.product }}""><img src=""{{ page.image1 }}"" alt=""{{ page.product }}"" title=""Klik untuk memperbesar"" /></a>
                      <a href=""{{ page.image2 }}"" target=""_blank"" title=""{{ page.product }}""><img src=""{{ page.image2 }}"" alt=""{{ page.product }}"" title=""Klik untuk memperbesar"" /></a>
                      <a href=""{{ page.image3 }}"" target=""_blank"" title=""{{ page.product }}""><img src=""{{ page.image3 }}"" alt=""{{ page.product }}"" title=""Klik untuk memperbesar"" /></a>
                      <a href=""{{ page.image4 }}"" target=""_blank"" title=""{{ page.product }}""><img src=""{{ page.image4 }}"" alt=""{{ page.product }}"" title=""Klik untuk memperbesar"" /></a>
                      <a href=""{{ page.image5 }}"" target=""_blank"" title=""{{ page.product }}""><img src=""{{ page.image5 }}"" alt=""{{ page.product }}"" title=""Klik untuk memperbesar"" /></a>                                            
                    </div>
                    <br/>

         <p style=""background-color: #5cb85c; color: #ffffff; padding: 5px; text-align: center; display: inline-block; box-shadow: 0 1px 3px rgba(0,0,0,0.12), 0 1px 2px rgba(0,0,0,0.24);"">
         Gudang : WRH-1<br>
         Lokasi : Bandung</p>

         {% include share.html %}

         {% include disqus.html %}
         
        </div>
       </div>       
       
      </div>
     </div><!--/category-tab-->",2017-10-18,html,sandal-gunung-anak-laki-laki,catenzo-junior,sandal-gunung-anak-laki-laki,catenzo-junior,"Sandal Gunung Anak Laki-Laki Bahan WEBBING, Ukuran 32 - 37, Warna HITAM",https://images.lipatan.com/katalog-catenzo-junior-2017-2/foto-produk-satuan/37-cjj-064.jpg,https://images.lipatan.com/katalog-catenzo-junior-2017-2/foto-berbagai-sudut/cjj-064-a.jpg,https://images.lipatan.com/katalog-catenzo-junior-2017-2/foto-berbagai-sudut/cjj-064-b.jpg,https://images.lipatan.com/katalog-catenzo-junior-2017-2/foto-berbagai-sudut/cjj-064-c.jpg,https://images.lipatan.com/katalog-catenzo-junior-2017-2/foto-berbagai-sudut/cjj-064-d.jpg,https://images.lipatan.com/katalog-catenzo-junior-2017-2/foto-berbagai-sudut/cjj-064-e.jpg,Sandal Gunung / Adventure / Trekking Anak Laki-laki - CJJ 064,Rp 76.400,Rp 89.900,Rp 13.500,CJJ 064,Baru
Jual Sandal Gunung / Adventure / Trekking Anak Laki-laki - CJJ 090 Murah,sandal-gunung-adventure-trekking-anak-laki-laki-cjj-090,"
     <div class=""product-details""><!--product-details-->
      <div class=""col-sm-5"">
       <div class=""view-product"">
        <img src=""{{ page.image }}"" alt=""{{ page.product }}"" title=""{{ page.product }}"" />
        <h3><a style=""text-decoration: none; color: #ffffff"" href=""{{ page.image }}"" target=""_blank"" title=""Klik disini untuk memperbesar"">ZOOM</a></h3>
       </div>
      </div>

      <div class=""col-sm-7"">
       <div class=""product-information""><!--/product-information-->
        <h1>{{ page.product }}</h1>
        <p>SKU: {{ page.sku }}</p>
        <img src=""{{ site.url }}/img/rating.png"" alt=""rating"" title=""rating"" /><br>
        <span>
         <span>{{ page.price }}</span>        
         <label>Stok:<a href=""http://stok.lipatan.com"" target=""_blank"" title=""Cek Stok"">
          <script type=""text/javascript"">
          <!--
          document.write(unescape('%3c%62%75%74%74%6f%6e%20%74%79%70%65%3d%22%62%75%74%74%6f%6e%22%20%63%6c%61%73%73%3d%22%62%74%6e%20%62%74%6e%2d%66%65%66%61%75%6c%74%20%63%61%72%74%22%3e%09%09%09%09%09%09%09%09%09%09%3c%69%20%63%6c%61%73%73%3d%22%66%61%20%66%61%2d%73%68%6f%70%70%69%6e%67%2d%63%61%72%74%22%3e%3c%2f%69%3e%09%09%09%09%09%09%09%09%09%09%43%65%6b%20%53%74%6f%6b%3c%2f%62%75%74%74%6f%6e%3e'));
          //-->
          </script>
          </a>
         </label>
        </span>
        <p><i style=""background-color: #f0ad4e; color: #ffffff; padding: 5px; margin-bottom: 3px; text-align: center; display: inline-block; box-shadow: 0 1px 3px rgba(0,0,0,0.12), 0 1px 2px rgba(0,0,0,0.24);""> Harga Beli : {{ page.price }} </i>  <i style=""background-color: #5bc0de; color: #ffffff; padding: 5px; margin-bottom: 3px; text-align: center; display: inline-block; box-shadow: 0 1px 3px rgba(0,0,0,0.12), 0 1px 2px rgba(0,0,0,0.24);""> Harga Jual : {{ page.hargajual }} </i>  <i style=""background-color: #5cb85c; color: #ffffff; padding: 5px; margin-bottom: 3px; text-align: center; display: inline-block; box-shadow: 0 1px 3px rgba(0,0,0,0.12), 0 1px 2px rgba(0,0,0,0.24);""> Keuntungan : {{ page.profit }} </i></p>        
        <p><b>Kondisi:</b> {{ page.kondisi }}</p>
        <p><b>Deskripsi:</b> {{ page.description }}</p>
        {% include buy.html %}
       </div><!--/product-information-->
      </div>
     </div><!--/product-details-->
     
     <div class=""category-tab shop-details-tab""><!--category-tab-->
      <div class=""col-sm-12"">
       <ul class=""nav nav-tabs"">
        <li class=""active""><a href=""{{ site.url }}{{ page.url }}#keterangan"" data-toggle=""tab"" title=""Keterangan"">Keterangan</a></li>        
       </ul>
      </div>
      <div class=""tab-content"">
       <div class=""tab-pane fade active in"" id=""keterangan"" >
        <div class=""col-sm-12"">
         <h2>{{ page.product }}</h2>         
         <ol class=""breadcrumb"">
            <li class=""active"">Tag :</li>
            <li><a href=""{{ site.url }}/{{ page.jenis }}"" title=""{{ page.jenis }}"">{{ page.jenis }}</a></li>
            <li><a href=""{{ site.url }}/{{ page.brand }}"" title=""{{ page.brand }}"">{{ page.brand }}</a></li>  
         </ol>         
         <p>Sandal Gunung / Adventure / Trekking Anak Laki-laki - CJJ 090 adalah salah satu produk merek Catenzo Junior. Produk fashion anak handmade asal Bandung yang nyaman digunakan dan tidak pasaran. Cocok untuk anak Anda agar terlihat lebih gaya, tampil berbeda dan percaya diri. Sandal Gunung Anak Laki-Laki ini terbuat dari bahan WEBBING.<br/>Kode : CJJ 090<br/>Warna : HITAM<br/>Bahan : WEBBING<br/>Ukuran : 31 - 36<br/>Berat : 0.5 kg<br/>Info Lainnya = SOL : RUBBER<br/>Yuk dibeli kak sebelum kehabisan. Sebelum membeli, harap cek/konfirmasi stok dulu ya kak, karena perputaran barang sangat cepat.<br>
         </p>

         <p><b>Gambar lain :</b></p>
                    <div class=""add-image"">
                      <a href=""{{ page.image1 }}"" target=""_blank"" title=""{{ page.product }}""><img src=""{{ page.image1 }}"" alt=""{{ page.product }}"" title=""Klik untuk memperbesar"" /></a>
                      <a href=""{{ page.image2 }}"" target=""_blank"" title=""{{ page.product }}""><img src=""{{ page.image2 }}"" alt=""{{ page.product }}"" title=""Klik untuk memperbesar"" /></a>
                      <a href=""{{ page.image3 }}"" target=""_blank"" title=""{{ page.product }}""><img src=""{{ page.image3 }}"" alt=""{{ page.product }}"" title=""Klik untuk memperbesar"" /></a>
                      <a href=""{{ page.image4 }}"" target=""_blank"" title=""{{ page.product }}""><img src=""{{ page.image4 }}"" alt=""{{ page.product }}"" title=""Klik untuk memperbesar"" /></a>
                      <a href=""{{ page.image5 }}"" target=""_blank"" title=""{{ page.product }}""><img src=""{{ page.image5 }}"" alt=""{{ page.product }}"" title=""Klik untuk memperbesar"" /></a>                                            
                    </div>
                    <br/>

         <p style=""background-color: #5cb85c; color: #ffffff; padding: 5px; text-align: center; display: inline-block; box-shadow: 0 1px 3px rgba(0,0,0,0.12), 0 1px 2px rgba(0,0,0,0.24);"">
         Gudang : WRH-1<br>
         Lokasi : Bandung</p>

         {% include share.html %}

         {% include disqus.html %}
         
        </div>
       </div>       
       
      </div>
     </div><!--/category-tab-->",2017-10-18,html,sandal-gunung-anak-laki-laki,catenzo-junior,sandal-gunung-anak-laki-laki,catenzo-junior,"Sandal Gunung Anak Laki-Laki Bahan WEBBING, Ukuran 31 - 36, Warna HITAM",https://images.lipatan.com/katalog-catenzo-junior-2017-2/foto-produk-satuan/38-cjj-090.jpg,https://images.lipatan.com/katalog-catenzo-junior-2017-2/foto-berbagai-sudut/cjj-090-a.jpg,https://images.lipatan.com/katalog-catenzo-junior-2017-2/foto-berbagai-sudut/cjj-090-b.jpg,https://images.lipatan.com/katalog-catenzo-junior-2017-2/foto-berbagai-sudut/cjj-090-c.jpg,https://images.lipatan.com/katalog-catenzo-junior-2017-2/foto-berbagai-sudut/cjj-090-d.jpg,https://images.lipatan.com/katalog-catenzo-junior-2017-2/foto-berbagai-sudut/cjj-090-e.jpg,Sandal Gunung / Adventure / Trekking Anak Laki-laki - CJJ 090,Rp 76.400,Rp 89.900,Rp 13.500,CJJ 090,Baru
Jual Sandal Gunung / Adventure / Trekking Anak Laki-laki & Balita - CJJ 103 Murah,sandal-gunung-adventure-trekking-anak-laki-laki-balita-cjj-103,"
     <div class=""product-details""><!--product-details-->
      <div class=""col-sm-5"">
       <div class=""view-product"">
        <img src=""{{ page.image }}"" alt=""{{ page.product }}"" title=""{{ page.product }}"" />
        <h3><a style=""text-decoration: none; color: #ffffff"" href=""{{ page.image }}"" target=""_blank"" title=""Klik disini untuk memperbesar"">ZOOM</a></h3>
       </div>
      </div>

      <div class=""col-sm-7"">
       <div class=""product-information""><!--/product-information-->
        <h1>{{ page.product }}</h1>
        <p>SKU: {{ page.sku }}</p>
        <img src=""{{ site.url }}/img/rating.png"" alt=""rating"" title=""rating"" /><br>
        <span>
         <span>{{ page.price }}</span>        
         <label>Stok:<a href=""http://stok.lipatan.com"" target=""_blank"" title=""Cek Stok"">
          <script type=""text/javascript"">
          <!--
          document.write(unescape('%3c%62%75%74%74%6f%6e%20%74%79%70%65%3d%22%62%75%74%74%6f%6e%22%20%63%6c%61%73%73%3d%22%62%74%6e%20%62%74%6e%2d%66%65%66%61%75%6c%74%20%63%61%72%74%22%3e%09%09%09%09%09%09%09%09%09%09%3c%69%20%63%6c%61%73%73%3d%22%66%61%20%66%61%2d%73%68%6f%70%70%69%6e%67%2d%63%61%72%74%22%3e%3c%2f%69%3e%09%09%09%09%09%09%09%09%09%09%43%65%6b%20%53%74%6f%6b%3c%2f%62%75%74%74%6f%6e%3e'));
          //-->
          </script>
          </a>
         </label>
        </span>
        <p><i style=""background-color: #f0ad4e; color: #ffffff; padding: 5px; margin-bottom: 3px; text-align: center; display: inline-block; box-shadow: 0 1px 3px rgba(0,0,0,0.12), 0 1px 2px rgba(0,0,0,0.24);""> Harga Beli : {{ page.price }} </i>  <i style=""background-color: #5bc0de; color: #ffffff; padding: 5px; margin-bottom: 3px; text-align: center; display: inline-block; box-shadow: 0 1px 3px rgba(0,0,0,0.12), 0 1px 2px rgba(0,0,0,0.24);""> Harga Jual : {{ page.hargajual }} </i>  <i style=""background-color: #5cb85c; color: #ffffff; padding: 5px; margin-bottom: 3px; text-align: center; display: inline-block; box-shadow: 0 1px 3px rgba(0,0,0,0.12), 0 1px 2px rgba(0,0,0,0.24);""> Keuntungan : {{ page.profit }} </i></p>        
        <p><b>Kondisi:</b> {{ page.kondisi }}</p>
        <p><b>Deskripsi:</b> {{ page.description }}</p>
        {% include buy.html %}
       </div><!--/product-information-->
      </div>
     </div><!--/product-details-->
     
     <div class=""category-tab shop-details-tab""><!--category-tab-->
      <div class=""col-sm-12"">
       <ul class=""nav nav-tabs"">
        <li class=""active""><a href=""{{ site.url }}{{ page.url }}#keterangan"" data-toggle=""tab"" title=""Keterangan"">Keterangan</a></li>        
       </ul>
      </div>
      <div class=""tab-content"">
       <div class=""tab-pane fade active in"" id=""keterangan"" >
        <div class=""col-sm-12"">
         <h2>{{ page.product }}</h2>         
         <ol class=""breadcrumb"">
            <li class=""active"">Tag :</li>
            <li><a href=""{{ site.url }}/{{ page.jenis }}"" title=""{{ page.jenis }}"">{{ page.jenis }}</a></li>
            <li><a href=""{{ site.url }}/{{ page.brand }}"" title=""{{ page.brand }}"">{{ page.brand }}</a></li>  
         </ol>         
         <p>Sandal Gunung / Adventure / Trekking Anak Laki-laki & Balita - CJJ 103 adalah salah satu produk merek Catenzo Junior. Produk fashion anak handmade asal Bandung yang nyaman digunakan dan tidak pasaran. Cocok untuk anak Anda agar terlihat lebih gaya, tampil berbeda dan percaya diri. Sandal Gunung Anak Laki-Laki ini terbuat dari bahan WEBBING.<br/>Kode : CJJ 103<br/>Warna : ORANGE<br/>Bahan : WEBBING<br/>Ukuran : 26 - 30<br/>Berat : 0.5 kg<br/>Info Lainnya = SOL : RUBBER<br/>Yuk dibeli kak sebelum kehabisan. Sebelum membeli, harap cek/konfirmasi stok dulu ya kak, karena perputaran barang sangat cepat.<br>
         </p>

         <p><b>Gambar lain :</b></p>
                    <div class=""add-image"">
                      <a href=""{{ page.image1 }}"" target=""_blank"" title=""{{ page.product }}""><img src=""{{ page.image1 }}"" alt=""{{ page.product }}"" title=""Klik untuk memperbesar"" /></a>
                      <a href=""{{ page.image2 }}"" target=""_blank"" title=""{{ page.product }}""><img src=""{{ page.image2 }}"" alt=""{{ page.product }}"" title=""Klik untuk memperbesar"" /></a>
                      <a href=""{{ page.image3 }}"" target=""_blank"" title=""{{ page.product }}""><img src=""{{ page.image3 }}"" alt=""{{ page.product }}"" title=""Klik untuk memperbesar"" /></a>
                      <a href=""{{ page.image4 }}"" target=""_blank"" title=""{{ page.product }}""><img src=""{{ page.image4 }}"" alt=""{{ page.product }}"" title=""Klik untuk memperbesar"" /></a>
                      <a href=""{{ page.image5 }}"" target=""_blank"" title=""{{ page.product }}""><img src=""{{ page.image5 }}"" alt=""{{ page.product }}"" title=""Klik untuk memperbesar"" /></a>                                            
                    </div>
                    <br/>

         <p style=""background-color: #5cb85c; color: #ffffff; padding: 5px; text-align: center; display: inline-block; box-shadow: 0 1px 3px rgba(0,0,0,0.12), 0 1px 2px rgba(0,0,0,0.24);"">
         Gudang : WRH-1<br>
         Lokasi : Bandung</p>

         {% include share.html %}

         {% include disqus.html %}
         
        </div>
       </div>       
       
      </div>
     </div><!--/category-tab-->",2017-10-18,html,sandal-gunung-anak-laki-laki,catenzo-junior,sandal-gunung-anak-laki-laki,catenzo-junior,"Sandal Gunung Anak Laki-Laki Bahan WEBBING, Ukuran 26 - 30, Warna ORANGE",https://images.lipatan.com/katalog-catenzo-junior-2017-2/foto-produk-satuan/71-cjj-103.jpg,https://images.lipatan.com/katalog-catenzo-junior-2017-2/foto-berbagai-sudut/cjj-103-a.jpg,https://images.lipatan.com/katalog-catenzo-junior-2017-2/foto-berbagai-sudut/cjj-103-b.jpg,https://images.lipatan.com/katalog-catenzo-junior-2017-2/foto-berbagai-sudut/cjj-103-c.jpg,https://images.lipatan.com/katalog-catenzo-junior-2017-2/foto-berbagai-sudut/cjj-103-d.jpg,https://images.lipatan.com/katalog-catenzo-junior-2017-2/foto-berbagai-sudut/cjj-103-e.jpg,Sandal Gunung / Adventure / Trekking Anak Laki-laki & Balita - CJJ 103,Rp 69.400,Rp 81.900,Rp 12.500,CJJ 103,Baru
Jual Sandal Gunung / Adventure / Trekking Anak Laki-laki & Balita - CJJ 102 Murah,sandal-gunung-adventure-trekking-anak-laki-laki-balita-cjj-102,"
     <div class=""product-details""><!--product-details-->
      <div class=""col-sm-5"">
       <div class=""view-product"">
        <img src=""{{ page.image }}"" alt=""{{ page.product }}"" title=""{{ page.product }}"" />
        <h3><a style=""text-decoration: none; color: #ffffff"" href=""{{ page.image }}"" target=""_blank"" title=""Klik disini untuk memperbesar"">ZOOM</a></h3>
       </div>
      </div>

      <div class=""col-sm-7"">
       <div class=""product-information""><!--/product-information-->
        <h1>{{ page.product }}</h1>
        <p>SKU: {{ page.sku }}</p>
        <img src=""{{ site.url }}/img/rating.png"" alt=""rating"" title=""rating"" /><br>
        <span>
         <span>{{ page.price }}</span>        
         <label>Stok:<a href=""http://stok.lipatan.com"" target=""_blank"" title=""Cek Stok"">
          <script type=""text/javascript"">
          <!--
          document.write(unescape('%3c%62%75%74%74%6f%6e%20%74%79%70%65%3d%22%62%75%74%74%6f%6e%22%20%63%6c%61%73%73%3d%22%62%74%6e%20%62%74%6e%2d%66%65%66%61%75%6c%74%20%63%61%72%74%22%3e%09%09%09%09%09%09%09%09%09%09%3c%69%20%63%6c%61%73%73%3d%22%66%61%20%66%61%2d%73%68%6f%70%70%69%6e%67%2d%63%61%72%74%22%3e%3c%2f%69%3e%09%09%09%09%09%09%09%09%09%09%43%65%6b%20%53%74%6f%6b%3c%2f%62%75%74%74%6f%6e%3e'));
          //-->
          </script>
          </a>
         </label>
        </span>
        <p><i style=""background-color: #f0ad4e; color: #ffffff; padding: 5px; margin-bottom: 3px; text-align: center; display: inline-block; box-shadow: 0 1px 3px rgba(0,0,0,0.12), 0 1px 2px rgba(0,0,0,0.24);""> Harga Beli : {{ page.price }} </i>  <i style=""background-color: #5bc0de; color: #ffffff; padding: 5px; margin-bottom: 3px; text-align: center; display: inline-block; box-shadow: 0 1px 3px rgba(0,0,0,0.12), 0 1px 2px rgba(0,0,0,0.24);""> Harga Jual : {{ page.hargajual }} </i>  <i style=""background-color: #5cb85c; color: #ffffff; padding: 5px; margin-bottom: 3px; text-align: center; display: inline-block; box-shadow: 0 1px 3px rgba(0,0,0,0.12), 0 1px 2px rgba(0,0,0,0.24);""> Keuntungan : {{ page.profit }} </i></p>        
        <p><b>Kondisi:</b> {{ page.kondisi }}</p>
        <p><b>Deskripsi:</b> {{ page.description }}</p>
        {% include buy.html %}
       </div><!--/product-information-->
      </div>
     </div><!--/product-details-->
     
     <div class=""category-tab shop-details-tab""><!--category-tab-->
      <div class=""col-sm-12"">
       <ul class=""nav nav-tabs"">
        <li class=""active""><a href=""{{ site.url }}{{ page.url }}#keterangan"" data-toggle=""tab"" title=""Keterangan"">Keterangan</a></li>        
       </ul>
      </div>
      <div class=""tab-content"">
       <div class=""tab-pane fade active in"" id=""keterangan"" >
        <div class=""col-sm-12"">
         <h2>{{ page.product }}</h2>         
         <ol class=""breadcrumb"">
            <li class=""active"">Tag :</li>
            <li><a href=""{{ site.url }}/{{ page.jenis }}"" title=""{{ page.jenis }}"">{{ page.jenis }}</a></li>
            <li><a href=""{{ site.url }}/{{ page.brand }}"" title=""{{ page.brand }}"">{{ page.brand }}</a></li>  
         </ol>         
         <p>Sandal Gunung / Adventure / Trekking Anak Laki-laki & Balita - CJJ 102 adalah salah satu produk merek Catenzo Junior. Produk fashion anak handmade asal Bandung yang nyaman digunakan dan tidak pasaran. Cocok untuk anak Anda agar terlihat lebih gaya, tampil berbeda dan percaya diri. Sandal Gunung Anak Laki-Laki ini terbuat dari bahan WEBBING.<br/>Kode : CJJ 102<br/>Warna : HITAM<br/>Bahan : WEBBING<br/>Ukuran : 26 - 30<br/>Berat : 0.5 kg<br/>Info Lainnya = SOL : RUBBER<br/>Yuk dibeli kak sebelum kehabisan. Sebelum membeli, harap cek/konfirmasi stok dulu ya kak, karena perputaran barang sangat cepat.<br>
         </p>

         <p><b>Gambar lain :</b></p>
                    <div class=""add-image"">
                      <a href=""{{ page.image1 }}"" target=""_blank"" title=""{{ page.product }}""><img src=""{{ page.image1 }}"" alt=""{{ page.product }}"" title=""Klik untuk memperbesar"" /></a>
                      <a href=""{{ page.image2 }}"" target=""_blank"" title=""{{ page.product }}""><img src=""{{ page.image2 }}"" alt=""{{ page.product }}"" title=""Klik untuk memperbesar"" /></a>
                      <a href=""{{ page.image3 }}"" target=""_blank"" title=""{{ page.product }}""><img src=""{{ page.image3 }}"" alt=""{{ page.product }}"" title=""Klik untuk memperbesar"" /></a>
                      <a href=""{{ page.image4 }}"" target=""_blank"" title=""{{ page.product }}""><img src=""{{ page.image4 }}"" alt=""{{ page.product }}"" title=""Klik untuk memperbesar"" /></a>
                      <a href=""{{ page.image5 }}"" target=""_blank"" title=""{{ page.product }}""><img src=""{{ page.image5 }}"" alt=""{{ page.product }}"" title=""Klik untuk memperbesar"" /></a>                                            
                    </div>
                    <br/>

         <p style=""background-color: #5cb85c; color: #ffffff; padding: 5px; text-align: center; display: inline-block; box-shadow: 0 1px 3px rgba(0,0,0,0.12), 0 1px 2px rgba(0,0,0,0.24);"">
         Gudang : WRH-1<br>
         Lokasi : Bandung</p>

         {% include share.html %}

         {% include disqus.html %}
         
        </div>
       </div>       
       
      </div>
     </div><!--/category-tab-->",2017-10-18,html,sandal-gunung-anak-laki-laki,catenzo-junior,sandal-gunung-anak-laki-laki,catenzo-junior,"Sandal Gunung Anak Laki-Laki Bahan WEBBING, Ukuran 26 - 30, Warna HITAM",https://images.lipatan.com/katalog-catenzo-junior-2017-2/foto-produk-satuan/72-cjj-102.jpg,https://images.lipatan.com/katalog-catenzo-junior-2017-2/foto-berbagai-sudut/cjj-102-a.jpg,https://images.lipatan.com/katalog-catenzo-junior-2017-2/foto-berbagai-sudut/cjj-102-b.jpg,https://images.lipatan.com/katalog-catenzo-junior-2017-2/foto-berbagai-sudut/cjj-102-c.jpg,https://images.lipatan.com/katalog-catenzo-junior-2017-2/foto-berbagai-sudut/cjj-102-d.jpg,https://images.lipatan.com/katalog-catenzo-junior-2017-2/foto-berbagai-sudut/cjj-102-e.jpg,Sandal Gunung / Adventure / Trekking Anak Laki-laki & Balita - CJJ 102,Rp 69.400,Rp 81.900,Rp 12.500,CJJ 102,Baru
